name,smiles,canonical_smiles,label,split
ciclopramine,C4=C2C1=C(CCC3=C(N1CCC2NC)C=CC=C3)C=C4,CNC1CCN2c3ccccc3CCc3cccc1c32,1,test
cefuzonam,CO/N=C(C(=O)N[C@H]1[C@H]2SCC(=C(N2C1=O)C(O)=O)CSc3snnc3)/c4csc(N)n4,CO/N=C(\C(=O)N[C@@H]1C(=O)N2C(C(=O)O)=C(CSc3cnns3)CS[C@H]12)c1csc(N)n1,0,train
MIL-663581,OC(C)(C)c1onc(c2ncn3c2CN(C)C(c4c3cccc4Cl)=O)n1,CN1Cc2c(-c3noc(C(C)(C)O)n3)ncn2-c2cccc(Cl)c2C1=O,0,train
methotrimeprazine,COc1ccc2Sc3ccccc3N(C[C@H](C)CN(C)C)c2c1,COc1ccc2c(c1)N(C[C@H](C)CN(C)C)c1ccccc1S2,1,train
mezlocillin,CC1(C)S[C@@H]2[C@H](NC(=O)[C@H](NC(=O)N3CCN(C3=O)[S](C)(=O)=O)c4ccccc4)C(=O)N2[C@H]1C(O)=O,CC1(C)S[C@@H]2[C@H](NC(=O)[C@H](NC(=O)N3CCN(S(C)(=O)=O)C3=O)c3ccccc3)C(=O)N2[C@H]1C(=O)O,0,train
pecazine,CN1CCCC(C1)CN2c3ccccc3Sc4ccccc24,CN1CCCC(CN2c3ccccc3Sc3ccccc32)C1,1,test
halazepam,C1=C(Cl)C=CC2=C1C(=NCC(=O)N2CC(F)(F)F)C3=CC=CC=C3,O=C1CN=C(c2ccccc2)c2cc(Cl)ccc2N1CC(F)(F)F,1,train
clomipramine,CN(C)CCCN1c2ccccc2CCc3ccc(Cl)cc13,CN(C)CCCN1c2ccccc2CCc2ccc(Cl)cc21,1,train
moxalactam,CO[C@]1(NC(=O)C(C(O)=O)c2ccc(O)cc2)[C@H]3OCC(=C(N3C1=O)C(O)=O)CSc4nnnn4C,CO[C@@]1(NC(=O)C(C(=O)O)c2ccc(O)cc2)C(=O)N2C(C(=O)O)=C(CSc3nnnn3C)CO[C@@H]21,0,train
tazobactam,C[C@]1(Cn2ccnn2)[C@@H](N3[C@@H](CC3=O)[S]1(=O)=O)C(O)=O,C[C@]1(Cn2ccnn2)[C@H](C(=O)O)N2C(=O)C[C@H]2S1(=O)=O,0,test
idarubicin,C[C@@H]1O[C@H](C[C@H](N)[C@@H]1O)O[C@H]2C[C@@](O)(Cc3c(O)c4C(=O)c5ccccc5C(=O)c4c(O)c23)C(C)=O,CC(=O)[C@]1(O)Cc2c(O)c3c(c(O)c2[C@@H](O[C@H]2C[C@H](N)[C@H](O)[C@H](C)O2)C1)C(=O)c1ccccc1C3=O,0,train
sulfasalazine,OC(=O)C1=C\C(C=CC1=O)=N/Nc2ccc(cc2)[S](=O)(=O)Nc3ccccn3,O=C(O)C1=C/C(=N\Nc2ccc(S(=O)(=O)Nc3ccccn3)cc2)C=CC1=O,0,train
ceforanide,NCc1ccccc1CC(=O)N[C@H]2[C@H]3SCC(=C(N3C2=O)C(O)=O)CSc4nnnn4CC(O)=O,NCc1ccccc1CC(=O)N[C@@H]1C(=O)N2C(C(=O)O)=C(CSc3nnnn3CC(=O)O)CS[C@H]12,0,train
propizepine,C1=CC=CC2=C1N(C(C3=C(N2)N=CC=C3)=O)CC(N(C)C)C,CC(CN1C(=O)c2cccnc2Nc2ccccc21)N(C)C,1,train
aripiprazole,C1=C4C(=CC=C1OCCCCN3CCN(C2=CC=CC(=C2Cl)Cl)CC3)CCC(N4)=O,O=C1CCc2ccc(OCCCCN3CCN(c4cccc(Cl)c4Cl)CC3)cc2N1,1,train
cephapirin,CC(=O)OCC1=C(N2[C@H](SC1)[C@H](NC(=O)CSc3ccncc3)C2=O)C(O)=O,CC(=O)OCC1=C(C(=O)O)N2C(=O)[C@@H](NC(=O)CSc3ccncc3)[C@H]2SC1,0,test
flutoprazepam,C1=C(Cl)C=CC2=C1C(=NCC(N2CC3CC3)=O)C4=CC=CC=C4F,O=C1CN=C(c2ccccc2F)c2cc(Cl)ccc2N1CC1CC1,1,test
clobazam,CN1C(=O)CC(=O)N(c2ccccc2)c3cc(Cl)ccc13,CN1C(=O)CC(=O)N(c2ccccc2)c2cc(Cl)ccc21,1,test
anisopirol,C3=C(N2CCN(CCCC(C1=CC=C(F)C=C1)O)CC2)C(=CC=C3)OC,COc1ccccc1N1CCN(CCCC(O)c2ccc(F)cc2)CC1,1,train
ampicillin,CC1(C)S[C@@H]2[C@H](NC(=O)[C@H](N)c3ccccc3)C(=O)N2[C@H]1C(O)=O,CC1(C)S[C@@H]2[C@H](NC(=O)[C@H](N)c3ccccc3)C(=O)N2[C@H]1C(=O)O,0,train
motrazepam,C1=C([N+](=O)[O-])C=CC2=C1C(=NCC(N2COC)=O)C3=CC=CC=C3,COCN1C(=O)CN=C(c2ccccc2)c2cc([N+](=O)[O-])ccc21,1,train
methaqualone,Cc1ccccc1N2C(=Nc3ccccc3C2=O)C,Cc1ccccc1-n1c(C)nc2ccccc2c1=O,1,train
amoxicillin,O.O.O.CC1(C)S[C@@H]2[C@H](NC(=O)[C@H](N)c3ccc(O)cc3)C(=O)N2[C@H]1C(O)=O,CC1(C)S[C@@H]2[C@H](NC(=O)[C@H](N)c3ccc(O)cc3)C(=O)N2[C@H]1C(=O)O.O.O.O,0,test
loracarbef,O.N[C@@H](C(=O)NC1C2CCC(=C(N2C1=O)C(O)=O)Cl)c3ccccc3,N[C@@H](C(=O)NC1C(=O)N2C(C(=O)O)=C(Cl)CCC12)c1ccccc1.O,0,train
cefdaloxime,COCC1=C(N2[C@H](SC1)[C@H](NC(=O)C(=N\O)/c3csc(N)n3)C2=O)C(O)=O,COCC1=C(C(=O)O)N2C(=O)[C@@H](NC(=O)/C(=N\O)c3csc(N)n3)[C@H]2SC1,0,test
ketipramine(ketimipramine),C1=CC=CC2=C1N(C3=C(CC2=O)C=CC=C3)CCCN(C)C,CN(C)CCCN1c2ccccc2CC(=O)c2ccccc21,1,train
fluphenazine-enanthate,C1=C(C(F)(F)F)C=CC3=C1N(C2=C(C=CC=C2)S3)CCCN4CCN(CCOC(CCCCCC)=O)CC4,CCCCCCC(=O)OCCN1CCN(CCCN2c3ccccc3Sc3ccc(C(F)(F)F)cc32)CC1,1,train
cianopramine,C1=C(C#N)C=CC3=C1N(C2=C(C=CC=C2)CC3)CCCN(C)C,CN(C)CCCN1c2ccccc2CCc2ccc(C#N)cc21,1,train
cefuracetime,CO/N=C(C(=O)N[C@H]1[C@H]2SCC(=C(N2C1=O)C(O)=O)COC(C)=O)/c3occc3,CO/N=C(\C(=O)N[C@@H]1C(=O)N2C(C(=O)O)=C(COC(C)=O)CS[C@H]12)c1ccco1,0,train
Desmethylclobazam,Clc1ccc2NC(=O)CC(=O)N(c3ccccc3)c2c1,O=C1CC(=O)N(c2ccccc2)c2cc(Cl)ccc2N1,1,test
cefaparole,Cc1sc(SCC2=C(N3[C@H](SC2)[C@H](NC(=O)C(N)c4ccc(O)cc4)C3=O)C(O)=O)nn1,Cc1nnc(SCC2=C(C(=O)O)N3C(=O)[C@@H](NC(=O)C(N)c4ccc(O)cc4)[C@H]3SC2)s1,0,train
pentabamate,CC(C(C(OC(N)=O)C)C)OC(N)=O,CC(OC(N)=O)C(C)C(C)OC(N)=O,1,train
mikamycin,CCC1NC(=O)C(NC(=O)c2ncccc2O)C(C)OC(=O)C(NC(=O)C3CC(=O)CCN3C(=O)C(Cc4ccc(cc4)N(C)C)N(C)C(=O)C5CCCN5C1=O)c6ccccc6,CCC1NC(=O)C(NC(=O)c2ncccc2O)C(C)OC(=O)C(c2ccccc2)NC(=O)C2CC(=O)CCN2C(=O)C(Cc2ccc(N(C)C)cc2)N(C)C(=O)C2CCCN2C1=O,0,test
enkephalin,CC(C)[C@H](NC(=O)[C@H](Cc1ccccc1)NC(=O)CNC(=O)[C@@H](C)NC(=O)[C@@H](N)Cc2ccc(O)cc2)C(N)=O,CC(C)[C@H](NC(=O)[C@H](Cc1ccccc1)NC(=O)CNC(=O)[C@@H](C)NC(=O)[C@@H](N)Cc1ccc(O)cc1)C(N)=O,0,train
demecycline,CN(C)[C@H]1[C@@H]2C[C@@H]3[C@H](O)c4cccc(O)c4C(=C3C(=O)[C@]2(O)C(=O)\C(=C(N)/O)C1=O)O,CN(C)[C@@H]1C(=O)/C(=C(\N)O)C(=O)[C@@]2(O)C(=O)C3=C(O)c4c(O)cccc4[C@@H](O)[C@H]3C[C@@H]12,0,train
Demeclocycline,CN(C)[C@H]1[C@@H]2C[C@@H]3[C@H](O)c4c(Cl)ccc(O)c4C(=C3C(=O)[C@]2(O)C(=O)\C(=C(N)/O)C1=O)O,CN(C)[C@@H]1C(=O)/C(=C(\N)O)C(=O)[C@@]2(O)C(=O)C3=C(O)c4c(O)ccc(Cl)c4[C@@H](O)[C@H]3C[C@@H]12,0,train
carpipramine,C1=CC=CC4=C1N(CCCN3CCC(N2CCCCC2)(CC3)C(N)=O)C5=C(CC4)C=CC=C5,NC(=O)C1(N2CCCCC2)CCN(CCCN2c3ccccc3CCc3ccccc32)CC1,1,train
apicycline,CN(C)[C@H]1[C@@H]2C[C@H]3C(=C(O)c4c(O)cccc4[C@@]3(C)O)C(=O)[C@]2(O)C(=O)\C(=C(/O)NC(N5CCN(CCO)CC5)C(O)=O)C1=O,CN(C)[C@@H]1C(=O)/C(=C(/O)NC(C(=O)O)N2CCN(CCO)CC2)C(=O)[C@@]2(O)C(=O)C3=C(O)c4c(O)cccc4[C@@](C)(O)[C@H]3C[C@@H]12,0,train
ceftezole,OC(=O)C1=C(CS[C@@H]2[C@H](NC(=O)Cn3cnnn3)C(=O)N12)CSc4scnn4,O=C(Cn1cnnn1)N[C@@H]1C(=O)N2C(C(=O)O)=C(CSc3nncs3)CS[C@H]12,0,test
gacyclidine,[C@@]3(C1=CC=CS1)(N2CCCCC2)[C@H](CCCC3)C,C[C@H]1CCCC[C@@]1(c1cccs1)N1CCCCC1,1,train
homofenazine(homophenazine),C1=C(C(F)(F)F)C=CC3=C1N(C2=C(C=CC=C2)S3)CCCN4CCN(CCO)CCC4,OCCN1CCCN(CCCN2c3ccccc3Sc3ccc(C(F)(F)F)cc32)CC1,1,train
Triazolam,Cc1nnc2CN=C(c3ccccc3Cl)c4cc(Cl)ccc4n12,Cc1nnc2n1-c1ccc(Cl)cc1C(c1ccccc1Cl)=NC2,1,train
zoloperone,C4=C(C3=C(CCN2CCN(C1=C(C=CC=C1)OC)CC2)OC(N3)=O)C=CC(=C4)F,COc1ccccc1N1CCN(CCc2oc(=O)[nH]c2-c2ccc(F)cc2)CC1,1,train
pivampicillin,CC(C)(C)C(=O)OCOC(=O)[C@@H]1N2[C@H](SC1(C)C)[C@H](NC(=O)[C@H](N)c3ccccc3)C2=O,CC(C)(C)C(=O)OCOC(=O)[C@@H]1N2C(=O)[C@@H](NC(=O)[C@H](N)c3ccccc3)[C@H]2SC1(C)C,0,train
erythromycin,CC[C@H]1OC(=O)[C@H](C)[C@@H](O[C@H]2C[C@@](C)(OC)[C@@H](O)[C@H](C)O2)[C@H](C)[C@@H](O[C@@H]3O[C@H](C)C[C@@H]([C@H]3O)N(C)C)[C@](C)(O)C[C@@H](C)C(=O)[C@H](C)[C@@H](O)[C@]1(C)O,CC[C@H]1OC(=O)[C@H](C)[C@@H](O[C@H]2C[C@@](C)(OC)[C@@H](O)[C@H](C)O2)[C@H](C)[C@@H](O[C@@H]2O[C@H](C)C[C@H](N(C)C)[C@H]2O)[C@](C)(O)C[C@@H](C)C(=O)[C@H](C)[C@@H](O)[C@]1(C)O,0,train
metaclazepam,C1=C(Br)C=CC2=C1C(=NCC(N2C)COC)C3=CC=CC=C3Cl,COCC1CN=C(c2ccccc2Cl)c2cc(Br)ccc2N1C,1,train
carbamazepine,NC(=O)N1c2ccccc2C=Cc3ccccc13,NC(=O)N1c2ccccc2C=Cc2ccccc21,1,train
carvotroline,C1=C(F)C=CC2=C1C3=C([NH]2)CCN(C3)CCC4=CC=NC=C4,Fc1ccc2[nH]c3c(c2c1)CN(CCc1ccncc1)CC3,1,test
clometocillin,COC(C(=O)N[C@H]1[C@H]2SC(C)(C)[C@@H](N2C1=O)C(O)=O)c3ccc(Cl)c(Cl)c3,COC(C(=O)N[C@@H]1C(=O)N2[C@@H]1SC(C)(C)[C@@H]2C(=O)O)c1ccc(Cl)c(Cl)c1,0,train
bekanamycin,NCC1OC(OC2C(N)CC(N)C(OC3OC(CO)C(O)C(N)C3O)C2O)C(N)C(O)C1O,NCC1OC(OC2C(N)CC(N)C(OC3OC(CO)C(O)C(N)C3O)C2O)C(N)C(O)C1O,0,train
almecillin,[Na+].CC1(C)SC2C(NC(=O)CSCC=C)C(=O)N2C1C([O-])=O,C=CCSCC(=O)NC1C(=O)N2C1SC(C)(C)C2C(=O)[O-].[Na+],0,train
Flumazenil,CCOC(=O)c1ncn2c1CN(C)C(=O)c3cc(F)ccc23,CCOC(=O)c1ncn2c1CN(C)C(=O)c1cc(F)ccc1-2,1,test
nimetazepam,C1=C([N+]([O-])=O)C=CC2=C1C(=NCC(=O)N2C)C3=CC=CC=C3,CN1C(=O)CN=C(c2ccccc2)c2cc([N+](=O)[O-])ccc21,1,train
dibekacin,NCC1CCC(N)C(O1)OC2C(N)CC(N)C(OC3OC(CO)C(O)C(N)C3O)C2O,NCC1CCC(N)C(OC2C(N)CC(N)C(OC3OC(CO)C(O)C(N)C3O)C2O)O1,0,train
clazolam,C1=C(Cl)C=CC4=C1C3C2=CC=CC=C2CCN3CC(=O)N4C,CN1C(=O)CN2CCc3ccccc3C2c2cc(Cl)ccc21,1,train
cefedrolor,CC1=C(N2[C@H](SC1)[C@H](NC(=O)[C@H](N)c3ccc(O)c(Cl)c3)C2=O)C(O)=O,CC1=C(C(=O)O)N2C(=O)[C@@H](NC(=O)[C@H](N)c3ccc(O)c(Cl)c3)[C@H]2SC1,0,train
fumoxicillin,CC1(C)S[C@@H]2[C@H](NC(=O)[C@@H](N=Cc3occc3)c4ccc(O)cc4)C(=O)N2[C@H]1C(O)=O,CC1(C)S[C@@H]2[C@H](NC(=O)[C@@H](N=Cc3ccco3)c3ccc(O)cc3)C(=O)N2[C@H]1C(=O)O,0,train
ceftizoxime,CO/N=C(C(=O)N[C@H]1[C@H]2SCC=C(N2C1=O)C(O)=O)/c3csc(N)n3,CO/N=C(\C(=O)N[C@@H]1C(=O)N2C(C(=O)O)=CCS[C@H]12)c1csc(N)n1,0,train
isothamine(profenamine),C1=CC=CC3=C1N(C2=C(C=CC=C2)S3)CC(N(CC)CC)C,CCN(CC)C(C)CN1c2ccccc2Sc2ccccc21,1,test
carfecillin,CC1(C)S[C@@H]2[C@H](NC(=O)C(C(=O)Oc3ccccc3)c4ccccc4)C(=O)N2[C@H]1C(O)=O,CC1(C)S[C@@H]2[C@H](NC(=O)C(C(=O)Oc3ccccc3)c3ccccc3)C(=O)N2[C@H]1C(=O)O,0,train
aztreonam,C[C@H]1[C@H](NC(=O)C(=N/OC(C)(C)C(O)=O)\c2csc([NH3+])n2)C(=O)N1[S]([O-])(=O)=O,C[C@H]1[C@H](NC(=O)/C(=N\OC(C)(C)C(=O)O)c2csc([NH3+])n2)C(=O)N1S(=O)(=O)[O-],0,train
flurazepam,CCN(CC)CCN1C(=O)CN=C(c2ccccc2F)c3cc(Cl)ccc13,CCN(CC)CCN1C(=O)CN=C(c2ccccc2F)c2cc(Cl)ccc21,1,train
berythromycin,CC[C@H]1OC(=O)[C@H](C)[C@@H](OC2CC(C)(OC)C(O)C(C)O2)C(C)[C@@H](OC3OC(C)CC(C3O)N(C)C)[C@](C)(O)C[C@@H](C)C(=O)[C@H](C)[C@@H](O)[C@H]1C,CC[C@H]1OC(=O)[C@H](C)[C@@H](OC2CC(C)(OC)C(O)C(C)O2)C(C)[C@@H](OC2OC(C)CC(N(C)C)C2O)[C@](C)(O)C[C@@H](C)C(=O)[C@H](C)[C@@H](O)[C@H]1C,0,train
Desmethyldesipramine,N1(c2c(CCc3c1cccc3)cccc2)CCCN,NCCCN1c2ccccc2CCc2ccccc21,1,test
ceftriaxone,CO/N=C(C(=O)N[C@H]1[C@H]2SCC(=C(N2C1=O)C(O)=O)CSC3=NC(=O)C(=O)NN3C)/c4csc(N)n4,CO/N=C(\C(=O)N[C@@H]1C(=O)N2C(C(=O)O)=C(CSc3nc(=O)c(=O)[nH]n3C)CS[C@H]12)c1csc(N)n1,1,train
oxyridazine,C1=C(OC)C=CC3=C1N(C2=C(C=CC=C2)S3)CCC4N(CCCC4)C,COc1ccc2c(c1)N(CCC1CCCCN1C)c1ccccc1S2,1,train
elfazepam,C1=C(Cl)C=CC2=C1C(=NCC(N2CC[S](CC)(=O)=O)=O)C3=CC=CC=C3F,CCS(=O)(=O)CCN1C(=O)CN=C(c2ccccc2F)c2cc(Cl)ccc21,1,test
furomazine,C1=C(Cl)C=CC3=C1N(C2=C(C=CC=C2)S3)CCCN5CCC(C4C(OCC4)=O)(O)CC5,O=C1OCCC1C1(O)CCN(CCCN2c3ccccc3Sc3ccc(Cl)cc32)CC1,1,train
pristinamycin-ic,CC1OC(=O)C(NC(=O)C2CC(=O)CCN2C(=O)C(Cc3ccc(cc3)N(C)C)N(C)C(=O)C4CCCN4C(=O)C(C)NC(=O)C1NC(=O)c5ncccc5O)c6ccccc6,CC1NC(=O)C(NC(=O)c2ncccc2O)C(C)OC(=O)C(c2ccccc2)NC(=O)C2CC(=O)CCN2C(=O)C(Cc2ccc(N(C)C)cc2)N(C)C(=O)C2CCCN2C1=O,0,train
tetrazepam,C1=C(Cl)C=CC2=C1C(=NCC(=O)N2C)C3=CCCCC3,CN1C(=O)CN=C(C2=CCCCC2)c2cc(Cl)ccc21,1,train
dixyrazine,CC(CN1CCN(CCOCCO)CC1)CN2c3ccccc3Sc4ccccc24,CC(CN1CCN(CCOCCO)CC1)CN1c2ccccc2Sc2ccccc21,1,train
gevotroline,C1=C(F)C=CC2=C1C3=C([NH]2)CCN(C3)CCCC4=CN=CC=C4,Fc1ccc2[nH]c3c(c2c1)CN(CCCc1cccnc1)CC3,1,train
oxomemazine,C1=CC=CC3=C1N(C2=C(C=CC=C2)[S]3(=O)=O)CC(CN(C)C)C,CC(CN(C)C)CN1c2ccccc2S(=O)(=O)c2ccccc21,1,train
benactyzine,[H+].[Cl-].CCN(CC)CCOC(=O)C(O)(c1ccccc1)c2ccccc2,CCN(CC)CCOC(=O)C(O)(c1ccccc1)c1ccccc1.[Cl-].[H+],1,test
droperidol,Fc1ccc(cc1)C(=O)CCCN2CCC(=CC2)N3C(=O)Nc4ccccc34,O=C(CCCN1CC=C(n2c(=O)[nH]c3ccccc32)CC1)c1ccc(F)cc1,1,test
35,c12c(c(ccc1)Cl)C(N(Cc1n2cnc1c1nc(on1)[C@](CO)(C)O)C)=O,CN1Cc2c(-c3noc([C@](C)(O)CO)n3)ncn2-c2cccc(Cl)c2C1=O,0,test
elopiprazole,C1=C(C2=C(C=C1)C=CO2)N5CCN(CC3=CC=C([NH]3)C4=CC=C(C=C4)F)CC5,Fc1ccc(-c2ccc(CN3CCN(c4cccc5ccoc45)CC3)[nH]2)cc1,1,train
Azithromycin,CC[C@H]1OC(=O)[C@H](C)[C@@H](O[C@H]2C[C@@](C)(OC)[C@@H](O)[C@H](C)O2)C(C)[C@@H](O[C@@H]3O[C@H](C)C[C@@H]([C@H]3O)N(C)C)[C@](C)(O)C[C@@H](C)CN(C)[C@H](C)[C@@H](O)[C@]1(C)O,CC[C@H]1OC(=O)[C@H](C)[C@@H](O[C@H]2C[C@@](C)(OC)[C@@H](O)[C@H](C)O2)C(C)[C@@H](O[C@@H]2O[C@H](C)C[C@H](N(C)C)[C@H]2O)[C@](C)(O)C[C@@H](C)CN(C)[C@H](C)[C@@H](O)[C@]1(C)O,0,test
puromycin,COc1ccc(C[C@H](N)C(=O)NC2[C@@H](O)[C@@H](O[C@@H]2CO)n3cnc4c(ncnc34)N(C)C)cc1,COc1ccc(C[C@H](N)C(=O)NC2[C@@H](O)[C@H](n3cnc4c(N(C)C)ncnc43)O[C@@H]2CO)cc1,0,test
oleandomycin,COC1CC(OC(C)C1O)O[C@H]2[C@H](C)[C@@H](OC3OC(C)CC(C3O)N(C)C)[C@@H](C)C[C@]4(CO4)C(=O)[C@H](C)[C@@H](O)[C@@H](C)[C@@H](C)OC(=O)[C@@H]2C,COC1CC(O[C@H]2[C@H](C)[C@@H](OC3OC(C)CC(N(C)C)C3O)[C@@H](C)C[C@]3(CO3)C(=O)[C@H](C)[C@@H](O)[C@@H](C)[C@@H](C)OC(=O)[C@@H]2C)OC(C)C1O,0,train
eltoprazine,C1=C(C2=C(C=C1)OCCO2)N3CCNCC3,c1cc2c(c(N3CCNCC3)c1)OCCO2,1,train
cloxypendyl,C1=C(Cl)C=NC2=C1SC4=C(N2CCCN3CCN(CCO)CC3)C=CC=C4,OCCN1CCN(CCCN2c3ccccc3Sc3cc(Cl)cnc32)CC1,1,train
cloxacillin,Cc1onc(c2ccccc2Cl)c1C(=O)N[C@H]3[C@H]4SC(C)(C)[C@@H](N4C3=O)C(O)=O,Cc1onc(-c2ccccc2Cl)c1C(=O)N[C@@H]1C(=O)N2[C@@H]1SC(C)(C)[C@@H]2C(=O)O,1,train
penimocycline,CN(C)[C@H]1[C@@H]2C[C@H]3C(=C(O)c4c(O)cccc4[C@@]3(C)O)C(=O)[C@]2(O)C(=O)\C(=C(/O)NCNC(C(=O)NC5C6SC(C)(C)C(N6C5=O)C(O)=O)c7ccccc7)C1=O,CN(C)[C@@H]1C(=O)/C(=C(/O)NCNC(C(=O)NC2C(=O)N3C2SC(C)(C)C3C(=O)O)c2ccccc2)C(=O)[C@@]2(O)C(=O)C3=C(O)c4c(O)cccc4[C@@](C)(O)[C@H]3C[C@@H]12,0,test
cefcanel-daloxate,CC(N)C(=O)OC(C(=O)NC1C2SCC(=C(N2C1=O)C(=O)OCC3=C(C)OC(=O)O3)CSc4sc(C)nn4)c5ccccc5,Cc1nnc(SCC2=C(C(=O)OCc3oc(=O)oc3C)N3C(=O)C(NC(=O)C(OC(=O)C(C)N)c4ccccc4)C3SC2)s1,0,train
erizepine,C1=CC=CC3=C1C4=C(C2=C(C=CC=C2)N3C)CCN(CC4)C,CN1CCC2=C(CC1)c1ccccc1N(C)c1ccccc12,1,train
aptazapine,[N]12C(=CC=C1)C4N(C3=C(C2)C=CC=C3)CCN(C4)C.O=C(O)\C=C/C(=O)O,CN1CCN2c3ccccc3Cn3cccc3C2C1.O=C(O)/C=C\C(=O)O,1,train
bacmecillinam,CCOC(=O)OC(C)OC(=O)[C@@H]1N2[C@H](SC1(C)C)[C@H](N=CN3CCCCCC3)C2=O,CCOC(=O)OC(C)OC(=O)[C@@H]1N2C(=O)[C@@H](N=CN3CCCCCC3)[C@H]2SC1(C)C,0,test
flurithromycin,CC[C@H]1OC(=O)[C@H](C)[C@@H](O[C@H]2C[C@@](C)(OC)[C@@H](O)[C@H](C)O2)[C@H](C)[C@@H](O[C@@H]3O[C@H](C)C[C@@H]([C@H]3O)N(C)C)[C@](C)(O)C[C@](C)(F)C(=O)[C@H](C)[C@@H](O)[C@]1(C)O,CC[C@H]1OC(=O)[C@H](C)[C@@H](O[C@H]2C[C@@](C)(OC)[C@@H](O)[C@H](C)O2)[C@H](C)[C@@H](O[C@@H]2O[C@H](C)C[C@H](N(C)C)[C@H]2O)[C@](C)(O)C[C@](C)(F)C(=O)[C@H](C)[C@@H](O)[C@]1(C)O,0,test
prazocillin,Cc1cnn(c1C(=O)N[C@H]2[C@H]3SC(C)(C)[C@@H](N3C2=O)C(O)=O)c4c(Cl)cccc4Cl,Cc1cnn(-c2c(Cl)cccc2Cl)c1C(=O)N[C@@H]1C(=O)N2[C@@H]1SC(C)(C)[C@@H]2C(=O)O,0,train
carumonam,NC(=O)OCC1[C@H](NC(=O)C(=N/OCC(O)=O)\c2csc(N)n2)C(=O)N1[S](O)(=O)=O,NC(=O)OCC1[C@H](NC(=O)/C(=N\OCC(=O)O)c2csc(N)n2)C(=O)N1S(=O)(=O)O,0,train
eqvalan,CCC(C)[C@H]1O[C@]2(CC[C@@H]1C)CC3C[C@@H](C\C=C(C)\[C@@H](O[C@H]4C[C@H](OC)[C@@H](OC5C[C@H](OC)[C@@H](O)[C@H](C)O5)[C@H](C)O4)[C@@H](C)/C=C/C=C/6CO[C@@H]7[C@H](O)C(=C[C@@H](C(=O)O3)[C@]67O)C)O2.CO[C@H]8CC(O[C@@H](C)[C@@H]8O)O[C@H]9[C@H](C)O[C@H](C[C@@H]9OC)O[C@H]/%10[C@@H](C)/C=C/C=C/%11CO[C@@H]%12[C@H](O)C(=C[C@@H](C(=O)OC%13C[C@@H](C\C=C%10C)O[C@@]%14(CC[C@H](C)[C@H](O%14)C(C)C)C%13)[C@]%11%12O)C,CCC(C)[C@H]1O[C@]2(CC[C@@H]1C)CC1C[C@@H](C/C=C(\C)[C@@H](O[C@H]3C[C@H](OC)[C@@H](OC4C[C@H](OC)[C@@H](O)[C@H](C)O4)[C@H](C)O3)[C@@H](C)/C=C/C=C3\CO[C@@H]4[C@H](O)C(C)=C[C@@H](C(=O)O1)[C@]34O)O2.CO[C@H]1CC(O[C@H]2[C@H](C)O[C@@H](O[C@@H]3/C(C)=C/C[C@@H]4CC(C[C@]5(CC[C@H](C)[C@@H](C(C)C)O5)O4)OC(=O)[C@@H]4C=C(C)[C@@H](O)[C@H]5OC/C(=C\C=C\[C@@H]3C)[C@]54O)C[C@@H]2OC)O[C@@H](C)[C@@H]1O,0,train
epicillin,CC1(C)S[C@@H]2[C@H](NC(=O)[C@H](N)C3=CCC=CC3)C(=O)N2[C@H]1C(O)=O,CC1(C)S[C@@H]2[C@H](NC(=O)[C@H](N)C3=CCC=CC3)C(=O)N2[C@H]1C(=O)O,0,train
metofenazate,C1=C(Cl)C=CC3=C1N(C2=C(C=CC=C2)S3)CCCN5CCN(CCOC(C4=CC(=C(OC)C(=C4)OC)OC)=O)CC5,COc1cc(C(=O)OCCN2CCN(CCCN3c4ccccc4Sc4ccc(Cl)cc43)CC2)cc(OC)c1OC,1,train
sifaprazine,C1=CC=CC(=C1N2CCN(C)CC2)CC3=CC=CC=C3,CN1CCN(c2ccccc2Cc2ccccc2)CC1,1,train
Plicamycin,CO[C@@H]([C@@H]1Cc2cc3cc(O[C@H]4C[C@@H](O[C@H]5C[C@@H](O)[C@H](O)[C@@H](C)O5)[C@H](O)[C@@H](C)O4)c(C)c(O)c3c(O)c2C(=O)[C@H]1O[C@H]6C[C@@H](O[C@H]7C[C@@H](O[C@H]8C[C@](C)(O)[C@H](O)[C@@H](C)O8)[C@H](O)[C@@H](C)O7)[C@H](O)[C@@H](C)O6)C(=O)[C@@H](O)[C@@H](C)O,CO[C@H](C(=O)[C@@H](O)[C@@H](C)O)[C@@H]1Cc2cc3cc(O[C@H]4C[C@@H](O[C@H]5C[C@@H](O)[C@H](O)[C@@H](C)O5)[C@H](O)[C@@H](C)O4)c(C)c(O)c3c(O)c2C(=O)[C@H]1O[C@H]1C[C@@H](O[C@H]2C[C@@H](O[C@H]3C[C@](C)(O)[C@H](O)[C@@H](C)O3)[C@H](O)[C@@H](C)O2)[C@H](O)[C@@H](C)O1,1,test
detorubicin,CCOC(OCC)C(=O)OCC(=O)C1(O)CC(OC2CC(N)C(O)C(C)O2)c3c(O)c4C(=O)c5c(OC)cccc5C(=O)c4c(O)c3C1,CCOC(OCC)C(=O)OCC(=O)C1(O)Cc2c(O)c3c(c(O)c2C(OC2CC(N)C(O)C(C)O2)C1)C(=O)c1c(OC)cccc1C3=O,0,train
rifapentine,CO[C@H]1\C=C\O[C@@]2(C)Oc3c(C)c(O)c4C(=C(NC(=O)C(=C/C=C/[C@H](C)[C@H](O)[C@@H](C)[C@@H](O)[C@@H](C)[C@H](OC(C)=O)[C@@H]1C)\C)C(=C/NN5CCN(CC5)C6CCCC6)\C(=O)c4c3C2=O)O,CO[C@H]1/C=C/O[C@@]2(C)Oc3c(C)c(O)c4c(c3C2=O)C(=O)/C(=C/NN2CCN(C3CCCC3)CC2)C(=C4O)NC(=O)/C(C)=C\C=C\[C@H](C)[C@H](O)[C@@H](C)[C@@H](O)[C@@H](C)[C@H](OC(C)=O)[C@@H]1C,0,train
ceftiofur,CO/N=C(C(=O)N[C@H]1[C@H]2SCC(=C(N2C1=O)C(O)=O)CSC(=O)c3occc3)/c4csc(N)n4,CO/N=C(\C(=O)N[C@@H]1C(=O)N2C(C(=O)O)=C(CSC(=O)c3ccco3)CS[C@H]12)c1csc(N)n1,0,train
cefodizime,CO\N=C(C(=O)N[C@H]1[C@H]2SCC(=C(N2C1=O)C(O)=O)CSc3sc(CC(O)=O)c(C)n3)/c4csc(N)n4,CO/N=C(/C(=O)N[C@@H]1C(=O)N2C(C(=O)O)=C(CSc3nc(C)c(CC(=O)O)s3)CS[C@H]12)c1csc(N)n1,0,train
